firstName,lastName,department,role,email
Austin,Neal,HR,Coordinator,austin.neal@tonytaylor567hotmail.onmicrosoft.com
Charles,Mejia,Sales,Representative,charles.mejia@tonytaylor567hotmail.onmicrosoft.com
Laura,Baker,Finance,Controller,laura.baker@tonytaylor567hotmail.onmicrosoft.com
Brianna,Berry,Sales,Manager,brianna.berry@tonytaylor567hotmail.onmicrosoft.com
Stephanie,Duncan,HR,Coordinator,stephanie.duncan@tonytaylor567hotmail.onmicrosoft.com
Elizabeth,Chavez,Engineering,Developer,elizabeth.chavez@tonytaylor567hotmail.onmicrosoft.com
Jason,Green,Engineering,Lead,jason.green@tonytaylor567hotmail.onmicrosoft.com
Devon,Campos,Sales,Manager,devon.campos@tonytaylor567hotmail.onmicrosoft.com
Steven,Moran,Finance,Manager,steven.moran@tonytaylor567hotmail.onmicrosoft.com
Annette,Mason,Finance,Controller,annette.mason@tonytaylor567hotmail.onmicrosoft.com
Janice,Lewis,Finance,Manager,janice.lewis@tonytaylor567hotmail.onmicrosoft.com
Megan,Cruz,Sales,Director,megan.cruz@tonytaylor567hotmail.onmicrosoft.com
Howard,Gaines,Sales,Director,howard.gaines@tonytaylor567hotmail.onmicrosoft.com
Vanessa,Schwartz,Engineering,Developer,vanessa.schwartz@tonytaylor567hotmail.onmicrosoft.com
Melissa,Lucero,Engineering,Lead,melissa.lucero@tonytaylor567hotmail.onmicrosoft.com
Timothy,Melendez,HR,Coordinator,timothy.melendez@tonytaylor567hotmail.onmicrosoft.com
Joshua,Alexander,HR,Manager,joshua.alexander@tonytaylor567hotmail.onmicrosoft.com
Susan,Hahn,Finance,Controller,susan.hahn@tonytaylor567hotmail.onmicrosoft.com
Mary,Cabrera,Engineering,Lead,mary.cabrera@tonytaylor567hotmail.onmicrosoft.com
George,Rodriguez,HR,Specialist,george.rodriguez@tonytaylor567hotmail.onmicrosoft.com
Michael,Rodriguez,HR,Coordinator,michael.rodriguez@tonytaylor567hotmail.onmicrosoft.com
Christopher,Richard,Engineering,Lead,christopher.richard@tonytaylor567hotmail.onmicrosoft.com
Matthew,Anderson,HR,Specialist,matthew.anderson@tonytaylor567hotmail.onmicrosoft.com
Jeffrey,Hood,Finance,Controller,jeffrey.hood@tonytaylor567hotmail.onmicrosoft.com
Brett,Hart,Finance,Controller,brett.hart@tonytaylor567hotmail.onmicrosoft.com
Stephanie,Stephens,Sales,Representative,stephanie.stephens@tonytaylor567hotmail.onmicrosoft.com
Leonard,Johnson,Sales,Representative,leonard.johnson@tonytaylor567hotmail.onmicrosoft.com
Christopher,Rodriguez,Sales,Director,christopher.rodriguez@tonytaylor567hotmail.onmicrosoft.com
Charles,Parsons,Sales,Manager,charles.parsons@tonytaylor567hotmail.onmicrosoft.com
Derrick,May,HR,Manager,derrick.may@tonytaylor567hotmail.onmicrosoft.com
Peter,Gonzalez,Sales,Representative,peter.gonzalez@tonytaylor567hotmail.onmicrosoft.com
Bryan,Bell,Finance,Analyst,bryan.bell@tonytaylor567hotmail.onmicrosoft.com
Jessica,Morales,HR,Specialist,jessica.morales@tonytaylor567hotmail.onmicrosoft.com
Angela,Quinn,HR,Coordinator,angela.quinn@tonytaylor567hotmail.onmicrosoft.com
Linda,Turner,Finance,Manager,linda.turner@tonytaylor567hotmail.onmicrosoft.com
Amber,Walter,Sales,Representative,amber.walter@tonytaylor567hotmail.onmicrosoft.com
Wayne,Mcdonald,Sales,Director,wayne.mcdonald@tonytaylor567hotmail.onmicrosoft.com
Douglas,Hall,Finance,Analyst,douglas.hall@tonytaylor567hotmail.onmicrosoft.com
Joseph,Martinez,Finance,Controller,joseph.martinez@tonytaylor567hotmail.onmicrosoft.com
Samantha,Lane,Sales,Representative,samantha.lane@tonytaylor567hotmail.onmicrosoft.com
Kenneth,Perez,HR,Coordinator,kenneth.perez@tonytaylor567hotmail.onmicrosoft.com
Joshua,Garner,HR,Manager,joshua.garner@tonytaylor567hotmail.onmicrosoft.com
Maria,Nelson,Engineering,Architect,maria.nelson@tonytaylor567hotmail.onmicrosoft.com
Larry,West,Engineering,Lead,larry.west@tonytaylor567hotmail.onmicrosoft.com
Travis,Rodriguez,HR,Specialist,travis.rodriguez@tonytaylor567hotmail.onmicrosoft.com
Catherine,Gonzales,Engineering,Developer,catherine.gonzales@tonytaylor567hotmail.onmicrosoft.com
Jesse,Benson,Sales,Director,jesse.benson@tonytaylor567hotmail.onmicrosoft.com
Lawrence,Scott,Sales,Representative,lawrence.scott@tonytaylor567hotmail.onmicrosoft.com
Cathy,Flores,HR,Specialist,cathy.flores@tonytaylor567hotmail.onmicrosoft.com
Jamie,Moses,Finance,Analyst,jamie.moses@tonytaylor567hotmail.onmicrosoft.com
Charlene,Dean,Finance,Analyst,charlene.dean@tonytaylor567hotmail.onmicrosoft.com
Angela,Clark,Finance,Manager,angela.clark@tonytaylor567hotmail.onmicrosoft.com
Tanya,Delgado,Finance,Controller,tanya.delgado@tonytaylor567hotmail.onmicrosoft.com
Chelsea,Moyer,Engineering,Architect,chelsea.moyer@tonytaylor567hotmail.onmicrosoft.com
Joshua,Hebert,HR,Coordinator,joshua.hebert@tonytaylor567hotmail.onmicrosoft.com
Michael,Rios,HR,Manager,michael.rios@tonytaylor567hotmail.onmicrosoft.com
Cory,Wood,Engineering,Developer,cory.wood@tonytaylor567hotmail.onmicrosoft.com
Phillip,Dawson,Finance,Analyst,phillip.dawson@tonytaylor567hotmail.onmicrosoft.com
Jessica,Burns,Engineering,Developer,jessica.burns@tonytaylor567hotmail.onmicrosoft.com
Aaron,Miller,Sales,Manager,aaron.miller@tonytaylor567hotmail.onmicrosoft.com
Dylan,Mejia,Engineering,Architect,dylan.mejia@tonytaylor567hotmail.onmicrosoft.com
Adam,Foley,Finance,Manager,adam.foley@tonytaylor567hotmail.onmicrosoft.com
Andrew,Brown,Engineering,Architect,andrew.brown@tonytaylor567hotmail.onmicrosoft.com
Michael,Grant,Finance,Controller,michael.grant@tonytaylor567hotmail.onmicrosoft.com
Samantha,Hughes,HR,Coordinator,samantha.hughes@tonytaylor567hotmail.onmicrosoft.com
Tina,Herrera,Engineering,Developer,tina.herrera@tonytaylor567hotmail.onmicrosoft.com
James,Golden,Engineering,Developer,james.golden@tonytaylor567hotmail.onmicrosoft.com
Robert,Giles,Sales,Director,robert.giles@tonytaylor567hotmail.onmicrosoft.com
Alexander,Turner,HR,Manager,alexander.turner@tonytaylor567hotmail.onmicrosoft.com
Kristina,Patterson,Finance,Manager,kristina.patterson@tonytaylor567hotmail.onmicrosoft.com
Jonathan,Ellis,Engineering,Lead,jonathan.ellis@tonytaylor567hotmail.onmicrosoft.com
Ronald,Atkins,Engineering,Lead,ronald.atkins@tonytaylor567hotmail.onmicrosoft.com
Kathleen,Newton,Finance,Analyst,kathleen.newton@tonytaylor567hotmail.onmicrosoft.com
Phillip,Bennett,HR,Specialist,phillip.bennett@tonytaylor567hotmail.onmicrosoft.com
Jennifer,Hood,Finance,Analyst,jennifer.hood@tonytaylor567hotmail.onmicrosoft.com
Daniel,Roberts,Engineering,Lead,daniel.roberts@tonytaylor567hotmail.onmicrosoft.com
Timothy,White,Finance,Analyst,timothy.white@tonytaylor567hotmail.onmicrosoft.com
Cynthia,Peters,Finance,Controller,cynthia.peters@tonytaylor567hotmail.onmicrosoft.com
Derrick,Davis,Finance,Analyst,derrick.davis@tonytaylor567hotmail.onmicrosoft.com
Peter,Skinner,Engineering,Developer,peter.skinner@tonytaylor567hotmail.onmicrosoft.com
Patricia,Fischer,Sales,Manager,patricia.fischer@tonytaylor567hotmail.onmicrosoft.com
Richard,Wilson,HR,Manager,richard.wilson@tonytaylor567hotmail.onmicrosoft.com
Matthew,Mitchell,Sales,Representative,matthew.mitchell@tonytaylor567hotmail.onmicrosoft.com
Marissa,Rollins,Engineering,Lead,marissa.rollins@tonytaylor567hotmail.onmicrosoft.com
Megan,Stanley,Sales,Manager,megan.stanley@tonytaylor567hotmail.onmicrosoft.com
Richard,Kelly,Sales,Manager,richard.kelly@tonytaylor567hotmail.onmicrosoft.com
Alexander,Knight,Finance,Manager,alexander.knight@tonytaylor567hotmail.onmicrosoft.com
Douglas,Patton,Engineering,Developer,douglas.patton@tonytaylor567hotmail.onmicrosoft.com
Karla,Marquez,Finance,Analyst,karla.marquez@tonytaylor567hotmail.onmicrosoft.com
Howard,Nichols,HR,Specialist,howard.nichols@tonytaylor567hotmail.onmicrosoft.com
Sophia,Gaines,HR,Manager,sophia.gaines@tonytaylor567hotmail.onmicrosoft.com
Charles,Miller,Finance,Controller,charles.miller@tonytaylor567hotmail.onmicrosoft.com
William,Diaz,Finance,Analyst,william.diaz@tonytaylor567hotmail.onmicrosoft.com
Nancy,Bailey,Finance,Analyst,nancy.bailey@tonytaylor567hotmail.onmicrosoft.com
Amy,Contreras,Finance,Manager,amy.contreras@tonytaylor567hotmail.onmicrosoft.com
Holly,David,HR,Manager,holly.david@tonytaylor567hotmail.onmicrosoft.com
Heidi,Dunlap,Finance,Manager,heidi.dunlap@tonytaylor567hotmail.onmicrosoft.com
Melvin,Vaughan,Sales,Manager,melvin.vaughan@tonytaylor567hotmail.onmicrosoft.com
Joshua,Pacheco,Sales,Director,joshua.pacheco@tonytaylor567hotmail.onmicrosoft.com
Debra,Torres,Sales,Director,debra.torres@tonytaylor567hotmail.onmicrosoft.com
